Strategy,Student Level,Success(達標A) Rate%,Avg Steps,Avg Final Mastery,Avg Unnecessary Remediations
Baseline,"Careless (B+,B++)",96.0,18.45,0.805861,0.0
Rule-Based,"Careless (B+,B++)",99.0,16.93,0.8069799999999999,1.75
Adaptive (Ours),"Careless (B+,B++)",100.0,13.2,0.8066580000000001,0.52
Baseline,Average (B),64.0,32.39,0.793596,0.0
Rule-Based,Average (B),88.0,29.84,0.802775,0.58
Adaptive (Ours),Average (B),98.0,24.14,0.806248,0.15
Baseline,Weak (C),3.0,39.99,0.574297,0.0
Rule-Based,Weak (C),0.0,40.0,0.6034769999999999,0.0
Adaptive (Ours),Weak (C),9.0,39.48,0.5388109999999999,0.0
